Date,AAPL Open,AAPL High,AAPL Low,AAPL Close,AAPL Adj Close,AAPL Volume,FB Open,FB High,FB Low,FB Close,FB Adj Close,FB Volume,KO Open,KO High,KO Low,KO Close,KO Adj Close,KO Volume,SPOT Open,SPOT High,SPOT Low,SPOT Close,SPOT Adj Close,SPOT Volume
24/06/20,91.25,92.197502,89.629997,90.014999,89.412537,192623200,241.199997,243.220001,232.679993,234.020004,234.020004,20834900,45.369999,45.439999,44.5,44.650002,43.258171,17631800,242.679993,247.606995,235.110001,242.860001,242.860001,4949700
25/06/20,90.175003,91.25,89.392502,91.209999,90.599533,137522400,234.619995,237.300003,232.740005,235.679993,235.679993,18704300,44.470001,44.98,44.029999,44.93,43.529442,13829700,241.919998,268.299988,241.449997,267.470001,267.470001,8578300
26/06/20,91.102501,91.330002,88.254997,88.407501,87.815788,205256800,232.639999,233.089996,215.399994,216.080002,216.080002,76343900,44.919998,45.009998,43.509998,43.57,42.211838,21955100,266.600006,271.709991,254.850006,264.950012,264.950012,6497100
29/06/20,88.3125,90.542503,87.82,90.445,89.839653,130646000,209.75,220.75,207.110001,220.639999,220.639999,58514300,44,44.57,43.549999,44.360001,42.977211,17603900,257.369995,270.98999,255.559998,265.140015,265.140015,4766700
30/06/20,90.019997,91.495003,90,91.199997,90.5896,140223200,220.589996,227.5,218.470001,227.070007,227.070007,33927100,44.25,44.830002,44.040001,44.68,43.287235,23679800,263.339996,265.779999,253.639999,258.190002,258.190002,3515200
01/07/20,91.279999,91.839996,90.977501,91.027496,90.418251,110737200,228.5,239,227.559998,237.550003,237.550003,43399700,44.93,45.529999,44.709999,44.82,43.422871,14316500,256,261.089996,254.320007,258.899994,258.899994,3404200
02/07/20,91.962502,92.6175,90.910004,91.027496,90.418251,114041600,239,240,232.610001,233.419998,233.419998,30633600,45.290001,45.43,44.799999,44.880001,43.480999,15111900,264.5,274.299988,263.208008,271.48999,271.48999,4247000
06/07/20,92.5,93.945,92.467499,93.462502,92.83696,118655600,233.759995,240.399994,232.270004,240.279999,240.279999,26206200,45.139999,45.27,44.610001,45.23,43.820087,15146000,269.799988,272.670013,257.51001,260.26001,260.26001,5167600
07/07/20,93.852501,94.654999,93.057503,93.172501,92.548889,112424400,239.410004,247.649994,238.820007,240.860001,240.860001,27887800,45,45.5,44.799999,45.209999,43.800709,13043600,260.100006,267.75,255.501007,261.98999,261.98999,2283600
08/07/20,94.18,95.375,94.089996,95.342499,94.704369,117092000,238.110001,246.990005,236.589996,243.580002,243.580002,29791300,45.139999,45.18,44.470001,45.07,43.665077,13851200,266.570007,277.61499,262.700012,269.26001,269.26001,3787800
09/07/20,96.262497,96.317497,94.672501,95.752502,95.111641,125642800,245,246.529999,239.240005,244.5,244.5,22174900,45.049999,45.049999,43.830002,43.91,42.541237,16087100,272.769989,279.76001,268.679993,274.790009,274.790009,2640400
10/07/20,95.334999,95.980003,94.705002,95.919998,95.278015,90257200,243.690002,245.490005,239.320007,245.070007,245.070007,22982700,43.880001,45.25,43.860001,45.150002,43.742584,15627800,275.450012,278.929993,273.519989,278.23999,278.23999,1772300
13/07/20,97.264999,99.955002,95.2575,95.477501,94.83847,191649200,247.009995,250.149994,238.419998,239,239,24674900,45.529999,45.68,44.959999,45.25,43.83947,16705300,281.399994,285.399994,258.01001,261.190002,261.190002,2834600
14/07/20,94.839996,97.254997,93.877502,97.057503,96.407898,170989200,236.759995,240.330002,232.029999,239.729996,239.729996,23378100,44.91,45.939999,44.669998,45.869999,44.44014,17080100,246.309998,262.899994,243.110001,262.799988,262.799988,3861300
15/07/20,98.989998,99.247498,96.489998,97.724998,97.07093,153198000,241.550003,244.820007,238.050003,240.279999,240.279999,19133600,46.299999,47.189999,46.200001,46.400002,44.953621,23738000,265,265.720001,254,258.5,258.5,1779400
16/07/20,96.5625,97.404999,95.904999,96.522499,95.876472,110577600,238,241.759995,236.330002,240.929993,240.929993,18880700,46.259998,46.689999,45.939999,46.150002,44.711411,13306100,259.269989,272.350006,258.269989,268.679993,268.679993,2794400
17/07/20,96.987503,97.147499,95.839996,96.327499,95.682777,92186800,241,244.160004,237.860001,242.029999,242.029999,18152400,46.470001,46.91,46.130001,46.82,45.360523,13899800,267.079987,269.040009,261.720001,263.230011,263.230011,1658000
20/07/20,96.417503,98.5,96.0625,98.357498,97.699188,90318000,240.059998,246.050003,235.639999,245.419998,245.419998,20872200,46.720001,46.830002,45.849998,46.119999,44.682346,16633200,265.529999,292.76001,265.200012,291.190002,291.190002,4110500
21/07/20,99.172501,99.25,96.7425,97,96.350784,103433200,246.220001,246.910004,240.080002,241.75,241.75,19364200,47.52,47.990002,46.93,47.200001,45.72868,25681500,288.410004,289.813995,276.309998,276.380005,276.380005,2548200
22/07/20,96.692497,97.974998,96.602501,97.272499,96.621452,89001600,240.259995,241.899994,238.119995,239.869995,239.869995,15427900,47.93,48.52,47.029999,48.48,46.968781,29831200,290.670013,299.670013,286.929993,289.619995,289.619995,5062900
23/07/20,96.997498,97.077499,92.010002,92.845001,92.223587,197004400,239.630005,242.419998,231.75,232.600006,232.600006,21771800,48.470001,48.57,48.029999,48.279999,46.775013,15935000,287.549988,288.98999,266.959991,267.540009,267.540009,2812900
24/07/20,90.987503,92.970001,89.144997,92.614998,91.995125,185438800,230.190002,233.490005,226.899994,230.710007,230.710007,18325800,48.400002,48.799999,48.07,48.490002,46.978466,16196800,266.170013,270.815002,257.029999,268.73999,268.73999,2406600
27/07/20,93.709999,94.904999,93.480003,94.809998,94.17543,121214000,231.460007,234.949997,230.830002,233.5,233.5,13163100,48.18,48.509998,48.18,48.48,46.968781,17346500,275.75,275.75,269.200012,272.5,272.5,1562100
28/07/20,94.3675,94.550003,93.247498,93.252502,92.628365,103625600,234.630005,234.960007,229.830002,230.119995,230.119995,14170100,48.34,49.279999,48.099998,48.18,46.678131,13872700,270,275.850006,266.859985,267.119995,267.119995,1860900
29/07/20,93.75,95.230003,93.712502,95.040001,94.403893,90329200,231.139999,233.699997,230.309998,233.289993,233.289993,13588300,48.139999,48.5,47.82,48.02,46.523117,13758100,254.880005,268.584991,251.020004,262.209991,262.209991,3970600
30/07/20,94.1875,96.297501,93.767502,96.190002,95.546204,158130000,230.220001,234.889999,229,234.5,234.5,20615300,47.669998,48.23,47.200001,47.689999,46.203403,17276500,252,264.320007,251.830002,261.790009,261.790009,2667400
31/07/20,102.885002,106.415001,100.824997,106.260002,105.548805,374336800,255.820007,255.850006,249,253.669998,253.669998,53005100,47.439999,47.77,46.73,47.240002,45.767437,14849200,264.630005,265.075012,255.089996,257.820007,257.820007,1809700
03/08/20,108.199997,111.637497,107.892502,108.9375,108.208389,308151200,252.649994,255.399994,250.330002,251.960007,251.960007,23124900,47.139999,47.360001,46.23,46.299999,44.856731,14137500,259,259.799988,251.509995,254.429993,254.429993,1829800
04/08/20,109.1325,110.790001,108.387497,109.665001,108.931015,173071600,251.559998,252.800003,247.429993,249.830002,249.830002,17183500,46.290001,46.860001,46.220001,46.689999,45.234573,11717200,256.959991,259.191986,250.009995,250.020004,250.020004,1707200
05/08/20,109.377502,110.392502,108.897499,110.0625,109.325851,121776800,250.190002,252.270004,247.770004,249.119995,249.119995,13050100,46.900002,47.27,46.810001,47.220001,45.748058,10498700,249.839996,251.979996,246,249.25,249.25,1649400
06/08/20,110.404999,114.412498,109.797501,113.902496,113.140152,202428800,249.039993,266.600006,248.669998,265.279999,265.279999,45241600,46.66,47.529999,46.599998,47.48,45.99995,10745000,252.529999,256.359985,249.5,255.320007,255.320007,1341300
07/08/20,113.205002,113.675003,110.292503,111.112503,110.567833,198045600,264.079987,278.890015,263.429993,268.440002,268.440002,72766400,47.470001,48.080002,47.209999,47.799999,46.309978,11669700,256.019989,256.190002,248.628006,252.119995,252.119995,1239200
10/08/20,112.599998,113.775002,110,112.727501,112.174911,212403600,268.040009,273.859985,259.690002,263,263,30248800,48.060001,48.279999,47.66,47.720001,46.232475,11888000,251.490005,252.949997,241.270004,248.990005,248.990005,1389600
11/08/20,111.970001,112.482498,109.107498,109.375,108.838837,187902400,260.190002,265.920013,255.130005,256.130005,256.130005,28238300,48.459999,48.650002,47.700001,47.93,46.435925,16531600,246.610001,262.140015,243.511002,253.720001,253.720001,2621000
12/08/20,110.497498,113.275002,110.297501,113.010002,112.456024,165598000,258.970001,263.899994,258.109985,259.890015,259.890015,21415700,48.299999,48.689999,48.119999,48.43,46.920338,9562200,255.360001,265.970001,251.690002,253.289993,253.289993,2030100
13/08/20,114.43,116.042503,113.927498,115.010002,114.446213,210082000,261.549988,265.160004,259.570007,261.299988,261.299988,17374000,48.259998,48.73,48.060001,48.380001,46.871899,9882900,249.419998,254.690002,247.300003,253.660004,253.660004,1388600
14/08/20,114.830002,115,113.044998,114.907501,114.344223,165565200,262.309998,262.649994,258.679993,261.23999,261.23999,14792700,48.34,48.689999,48.029999,48.450001,46.939716,10075800,255.979996,258.589996,249.660004,251.320007,251.320007,983900
17/08/20,116.0625,116.087502,113.962502,114.607498,114.045685,119561600,262.5,264.100006,259.399994,261.160004,261.160004,13351100,48.32,48.75,48.200001,48.209999,46.707195,9102400,254.309998,260.980011,250.860001,259.910004,259.910004,1345400
18/08/20,114.352501,116,114.0075,115.5625,114.99601,105633600,260.950012,265.149994,259.26001,262.339996,262.339996,18690400,48.200001,48.5,47.959999,48.419998,46.910648,9829000,258.959991,260.670013,253.619995,256.799988,256.799988,989100
19/08/20,115.982498,117.162498,115.610001,115.707497,115.140297,145538000,261.390015,267.910004,261.350006,262.589996,262.589996,23291500,48.119999,48.380001,47.220001,47.369999,45.893383,17371000,259.980011,264.5,256.920013,261.720001,261.720001,1372000
20/08/20,115.75,118.392502,115.732498,118.275002,117.695213,126907200,261.5,269.630005,261.459991,269.01001,269.01001,20299700,47.27,47.599998,47.09,47.349998,45.874001,11308700,260,270.890015,258.638,269.329987,269.329987,1730700
21/08/20,119.262497,124.8675,119.25,124.370003,123.760338,338054800,268.690002,270.48999,266.420013,267.01001,267.01001,15538600,47.34,47.5,46.970001,47.279999,45.806187,14734100,271.029999,276.877014,268.630005,270.980011,270.980011,1612100
24/08/20,128.697495,128.785004,123.9375,125.857498,125.24054,345937600,271.070007,277.25,268.769989,271.390015,271.390015,23685600,47.43,47.98,47.18,47.970001,46.474682,9257700,276.809998,279.23999,266.108002,269.130005,269.130005,1250000
25/08/20,124.697502,125.18,123.052498,124.824997,124.213104,211495600,272.410004,283.089996,270.26001,280.820007,280.820007,42127200,48,48.049999,47.650002,47.91,46.416546,7827800,267.779999,269.269989,257.480011,268.690002,268.690002,1266000
26/08/20,126.18,126.9925,125.082497,126.522499,125.902283,163022400,284,304.670013,284,303.910004,303.910004,69015200,47.759998,48.18,47.470001,48.16,46.658756,10124200,268.76001,280,268.76001,278.290009,278.290009,1314400
27/08/20,127.142502,127.485001,123.832497,125.010002,124.397202,155552400,300.160004,301.230011,292.019989,293.220001,293.220001,30301300,48.25,48.82,48.200001,48.23,46.72657,10931600,278.980011,278.98999,268.140015,272.01001,272.01001,1243900
28/08/20,126.012497,126.442497,124.577499,124.807503,124.195694,187630000,295,297.230011,290.980011,293.660004,293.660004,17157400,48.75,49.849998,48.529999,49.830002,48.276699,16420300,276.100006,284.61499,274.059998,279.359985,279.359985,1378000
31/08/20,127.580002,131,126,129.039993,128.40744,225702700,293.950012,296.880005,291.549988,293.200012,293.200012,17345100,49.799999,50.07,49.349998,49.529999,47.98605,18510800,280.279999,284.908997,278.829987,282.160004,282.160004,882100
01/09/20,132.759995,134.800003,130.529999,134.179993,133.522247,151948100,294.709991,301.48999,292.709991,295.440002,295.440002,17295900,49.310001,49.349998,48.830002,49.119999,47.588829,12588400,284.649994,293,282.089996,291.75,291.75,1233300
02/09/20,137.589996,137.979996,127,131.399994,130.755875,200119000,298.880005,303.600006,293.049988,302.5,302.5,24341400,49.360001,51.360001,49.360001,51.189999,49.594303,26332600,291.850006,294.670013,266.079987,276.290009,276.290009,2455700
03/09/20,126.910004,128.839996,120.5,120.879997,120.287437,257599600,295.98999,297.600006,283.630005,291.119995,291.119995,32294100,51.400002,52.139999,50.099998,50.48,48.906433,22289400,268,274.970001,258.690002,261.660004,261.660004,1845500
04/09/20,120.07,123.699997,110.889999,120.959999,120.36705,332607200,287.25,289,271.140015,282.730011,282.730011,30333700,50.939999,51.470001,50.279999,51.040001,49.448982,21019500,259.309998,260.440002,238.660004,248.210007,248.210007,2062800
08/09/20,113.949997,118.989998,112.68,112.82,112.266953,231366600,271.279999,279.299988,269.420013,271.160004,271.160004,24864000,50.93,51.040001,49.360001,49.810001,48.25732,17776700,240.660004,247.339996,237.119003,240.020004,240.020004,1469800
09/09/20,117.260002,119.139999,115.260002,117.32,116.744888,176940500,275.769989,278.480011,271.350006,273.720001,273.720001,22918800,49.599998,50.759998,49.549999,50.189999,48.625477,15252300,247.990005,250.960007,243.005005,244.929993,244.929993,1057100
10/09/20,120.360001,120.5,112.5,113.489998,112.93367,182274400,275.51001,279.160004,267.029999,268.089996,268.089996,24814700,50.349998,50.68,49.950001,50,48.441399,15439500,260.029999,265.888,247.350006,247.779999,247.779999,3026300
11/09/20,114.57,115.230003,110,112,111.450974,180860300,270.059998,271.390015,262.640015,266.609985,266.609985,18913900,50.400002,51.200001,50.099998,51.060001,49.468357,18272300,249.639999,251.449997,237.509995,241.600006,241.600006,1371600
14/09/20,114.720001,115.93,112.800003,115.360001,114.794502,140150100,270.950012,276.640015,265.700012,266.149994,266.149994,24093800,50.970001,51.23,50.57,50.709999,49.526958,10911700,246.259995,248.070007,238.330002,238.550003,238.550003,1185700
15/09/20,118.330002,118.830002,113.610001,115.540001,114.973625,184642000,270.670013,274.519989,269.299988,272.420013,272.420013,18478500,51,51.380001,50.84,51.049999,49.859024,12838400,242.5,244.589996,237.009995,237.910004,237.910004,1232700
16/09/20,115.230003,116,112.040001,112.129997,111.58033,154679000,267.290009,272.440002,261.790009,263.519989,263.519989,29183400,50.950001,51.450001,50.740002,50.790001,49.605087,15353900,232,241.110001,220.699997,234.850006,234.850006,5339100
17/09/20,109.720001,112.199997,108.709999,110.339996,109.79911,178011000,258.279999,261.5,250.190002,254.820007,254.820007,31281400,50.220001,50.630001,49.939999,50.549999,49.370689,13287100,230.820007,238.990005,228.009995,234.309998,234.309998,1913600
18/09/20,110.400002,110.879997,106.089996,106.839996,106.316261,287104900,258.399994,259.200012,250.050003,252.529999,252.529999,28130800,50.75,51.16,50.209999,50.450001,49.273022,23816600,235.179993,237.190002,229.925003,233.889999,233.889999,1298000
21/09/20,104.540001,110.190002,103.099998,110.080002,109.540382,195713800,247.539993,249.949997,244.130005,248.149994,248.149994,24709400,49.75,50.02,48.610001,49.09,47.944752,17514800,232,240,230.128006,239.339996,239.339996,998300
22/09/20,112.68,112.860001,109.160004,111.809998,111.261894,183055400,253.309998,255.320007,248.220001,254.75,254.75,30293100,49.110001,50.040001,49.07,49.66,48.501453,13034600,239.240005,241.770004,234.020004,241.009995,241.009995,1539600
23/09/20,111.620003,112.110001,106.769997,107.120003,106.594902,150718700,255.259995,257.98999,248.149994,249.020004,249.020004,19641300,49.73,49.919998,48.169998,48.209999,47.085278,17121200,241.960007,244.839996,234.570007,235.050003,235.050003,1142100
24/09/20,105.169998,110.25,105,108.220001,107.689507,167743300,246.5,252.240005,245.619995,249.529999,249.529999,20006800,48.209999,49.099998,47.560001,48.700001,47.56385,16788100,233,234.699997,225.179993,231.259995,231.259995,1451300
25/09/20,108.43,112.440002,107.669998,112.279999,111.729591,149981400,249.399994,255.75,246.610001,254.820007,254.820007,18351300,48.200001,48.759998,47.98,48.720001,47.583385,12603400,233.979996,236.339996,229.470001,235.979996,235.979996,770800
28/09/20,115.010002,115.32,112.779999,114.959999,114.396454,137672400,259.399994,259.600006,254.820007,256.820007,256.820007,18826300,49.310001,49.709999,49.139999,49.279999,48.130314,11215700,243,243.990005,233.490005,236.419998,236.419998,937900
29/09/20,114.550003,115.309998,113.57,114.089996,113.530724,99382200,257.809998,263.329987,256.899994,261.790009,261.790009,20200200,49.389999,49.560001,48.91,48.919998,47.778717,12426600,237.389999,244.330002,234.639999,242.449997,242.449997,1213600
30/09/20,113.790001,117.260002,113.620003,115.809998,115.242294,142675200,261.980011,266.079987,260.100006,261.899994,261.899994,20142500,49.27,49.619999,48.889999,49.369999,48.218216,15755900,244,246.466995,240.600006,242.570007,242.570007,1131800
01/10/20,117.639999,117.720001,115.830002,116.790001,116.217491,116120400,265.350006,268.329987,264.799988,266.630005,266.630005,20009800,49.439999,49.66,48.59,49.18,48.03265,17577300,244.520004,250.75,243.964996,250.190002,250.190002,1051500
02/10/20,112.889999,115.370003,112.220001,113.019997,112.465973,144712000,261.209991,265.149994,259.179993,259.940002,259.940002,16367600,48.759998,49.580002,48.549999,49.360001,48.208454,13610100,244.070007,249.320007,240.179993,240.279999,240.279999,1043800
05/10/20,113.910004,116.650002,113.550003,116.5,115.928909,106243800,262.200012,264.869995,260.839996,264.649994,264.649994,12822300,49.43,49.549999,49.119999,49.380001,48.227985,10628700,244.100006,252.110001,241.270996,251.369995,251.369995,964300
06/10/20,115.699997,116.120003,112.25,113.160004,112.605286,161498200,261.779999,265.690002,258.23999,258.660004,258.660004,18696900,49.549999,49.73,48.830002,48.939999,47.798248,10077400,249.679993,255.699997,247.149994,248.539993,248.539993,932600
07/10/20,114.620003,115.550003,114.129997,115.080002,114.515877,96849000,259.209991,260.179993,254.820007,258.119995,258.119995,23133400,49.02,49.759998,48.950001,49.560001,48.403786,10135600,251.699997,253.25,246.740005,251.509995,251.509995,616700
08/10/20,116.25,116.400002,114.589996,114.970001,114.40641,83477200,259.75,264.619995,259.149994,263.76001,263.76001,16312800,49.709999,50.540001,49.540001,50.459999,49.282791,12143900,254.630005,254.899994,247.679993,249.800003,249.800003,765600
09/10/20,115.279999,117,114.919998,116.970001,116.396606,100506900,264.519989,264.75,262.170013,264.450012,264.450012,14107800,50.669998,51.23,50.599998,50.810001,49.624626,11407800,249.669998,252.886002,248.052002,250,250,617300
12/10/20,120.059998,125.18,119.279999,124.400002,123.790192,240226800,270.200012,280.179993,267.869995,275.75,275.75,31019300,50.84,51.529999,50.830002,51.09,49.898087,11386500,252.130005,253.619995,248.210007,251.440002,251.440002,937600
13/10/20,125.269997,125.389999,119.650002,121.099998,120.506355,262330500,277.579987,279.100006,273.390015,276.140015,276.140015,18063300,50.990002,50.990002,49.900002,50.220001,49.048389,14365300,254,268.25,252.820007,266.950012,266.950012,1591600
14/10/20,121,123.029999,119.620003,121.190002,120.595924,150712000,277.619995,278.75,271.5,271.820007,271.820007,15577800,50.049999,50.490002,49.650002,50.119999,48.950718,10582100,268.859985,269,257.170013,257.619995,257.619995,989600
15/10/20,118.720001,121.199997,118.150002,120.709999,120.118271,112559200,267.600006,269.040009,263.670013,266.720001,266.720001,15416100,49.400002,50.130001,49.299999,49.990002,48.823757,9961700,253.970001,261.869995,250.630005,261.549988,261.549988,904000
16/10/20,121.279999,121.550003,118.809998,119.019997,118.436554,115393800,267.380005,271.369995,265.299988,265.929993,265.929993,16622700,49.990002,50.349998,49.869999,50.029999,48.862816,13569800,263.98999,268.25,262.149994,262.549988,262.549988,1038300
19/10/20,119.959999,120.419998,115.660004,115.980003,115.411461,120639300,265.529999,268.549988,259.880005,261.399994,261.399994,13587000,50.029999,50.48,49.459999,49.619999,48.462383,9930400,263.170013,267.48999,259.765015,261.01001,261.01001,818800
20/10/20,116.199997,118.980003,115.629997,117.510002,116.933968,124423700,263.059998,269.700012,262.880005,267.559998,267.559998,18763200,49.889999,50.619999,49.790001,50.25,49.077686,10970700,260.040009,263.717987,257.320007,260.950012,260.950012,904200
21/10/20,116.669998,118.709999,116.449997,116.870003,116.297104,89946000,279.559998,283.049988,276.369995,278.730011,278.730011,28998600,49.959999,50.43,49.77,49.990002,48.823757,12517400,262.149994,273.575012,260.630005,271.320007,271.320007,1359500
22/10/20,117.449997,118.040001,114.589996,115.75,115.182587,101988000,279.869995,282.450012,275.040009,278.119995,278.119995,16720000,51.169998,51.200001,50.380001,50.68,49.497654,20189200,269.540009,274,266.182007,271.880005,271.880005,1216200
23/10/20,116.389999,116.550003,114.279999,115.040001,114.476074,82572600,278.799988,285.23999,276.820007,284.790009,284.790009,17535200,51,51.18,50.470001,50.52,49.341389,13491300,270.380005,284.127991,270.380005,283.48999,283.48999,1349800
26/10/20,114.010002,116.550003,112.879997,115.050003,114.486023,111850700,283.160004,285.230011,274.26001,277.109985,277.109985,21322900,50.34,50.509998,49.200001,49.799999,48.638187,14696400,280.230011,286.549988,280,284.959991,284.959991,1921300
27/10/20,115.489998,117.279999,114.540001,116.599998,116.028427,92276800,278.76001,284.51001,276.309998,283.290009,283.290009,16287200,49.810001,50.290001,49.549999,49.900002,48.735851,13892100,286.73999,292.790009,285,287.450012,287.450012,1778000
28/10/20,115.050003,115.43,111.099998,111.199997,110.654892,143937800,278.790009,278.790009,267.26001,267.670013,267.670013,23121800,49,49.150002,47.779999,47.959999,46.84111,19886200,281.429993,284.640015,273.359985,276.140015,276.140015,2257900
29/10/20,112.370003,116.93,112.199997,115.32,114.7547,146129200,276.549988,283.600006,273.779999,280.829987,280.829987,32368100,47.73,48.48,47.299999,48.02,46.899712,15369900,260,268.559998,248.259995,266.869995,266.869995,5508200
30/10/20,111.059998,111.989998,107.720001,108.860001,108.326363,190272600,274.5,276.700012,259.100006,263.109985,263.109985,47247800,47.810001,48.119999,47.369999,48.060001,46.938782,15804000,263.709991,265.529999,235.880005,239.889999,239.889999,3520500
02/11/20,109.110001,110.68,107.32,108.769997,108.236809,122866900,264.600006,270.470001,257.339996,261.359985,261.359985,27165700,48.75,48.950001,48.240002,48.619999,47.485714,15156100,240.009995,240.789993,228.110001,231.600006,231.600006,2282200
03/11/20,109.660004,111.489998,108.730003,110.440002,109.898621,107624400,263.160004,270.049988,260.880005,265.299988,265.299988,17961900,49.220001,49.959999,49,49.349998,48.198681,15285100,236,241.350006,232.865997,236.529999,236.529999,1418500
04/11/20,114.139999,115.589996,112.349998,114.949997,114.386513,138235500,281,288.940002,278.619995,287.380005,287.380005,35364400,49.43,50.209999,49.080002,49.169998,48.022881,12930800,245,246.949997,238,239.279999,239.279999,1907000
05/11/20,117.949997,119.620003,116.870003,119.029999,118.44651,126387100,291.899994,297.380005,288.950012,294.679993,294.679993,23823600,49.759998,50.209999,49.34,49.439999,48.286587,12452400,247.720001,257.769989,239.600006,256.380005,256.380005,2180600
06/11/20,118.32,119.199997,116.129997,118.690002,118.311951,114457900,293.950012,294.600006,288.059998,293.410004,293.410004,13891000,49.650002,49.990002,49.25,49.450001,48.296352,9294900,257.5,276.48999,255.740005,276.100006,276.100006,2161200
09/11/20,120.5,121.989998,116.050003,116.32,115.949493,154515300,289.869995,292.579987,278.529999,278.769989,278.769989,25117700,52.5,53.259998,52.07,52.57,51.343563,33442000,258,284.109985,257.179993,274.200012,274.200012,2060100
10/11/20,115.550003,117.589996,114.129997,115.970001,115.600609,138023400,273.100006,274,264,272.429993,272.429993,29067700,52.57,54.279999,52.450001,53.98,52.720665,29706700,272.559998,273.575012,248.020004,249.990005,249.990005,2371400
11/11/20,117.190002,119.629997,116.440002,119.489998,119.10939,112295000,273.470001,278.399994,272.480011,276.480011,276.480011,14957000,53.93,54.299999,53.330002,53.580002,52.330002,17399900,253,264.549988,252.309998,261.040009,261.040009,1183800
12/11/20,119.620003,120.529999,118.57,119.209999,118.830284,103162300,277.179993,279.75,274.429993,275.079987,275.079987,12899500,53.049999,53.209999,52.610001,53.009998,51.773296,15024400,261.290009,267.660004,256.809998,258.690002,258.690002,890600
13/11/20,119.440002,119.669998,117.870003,119.260002,118.880127,81581900,277.720001,277.76001,273.100006,276.950012,276.950012,10391200,53.25,53.5,52.889999,53.450001,52.203033,12447900,260.5,262.119995,251.899994,253.5,253.5,861600
16/11/20,118.919998,120.989998,118.150002,120.300003,119.916817,91183000,275.049988,279.410004,274.630005,278.959991,278.959991,12970400,54.5,54.619999,53.279999,53.849998,52.5937,14908200,252.850006,256.049988,245.309998,245.850006,245.850006,1438100
17/11/20,119.550003,120.669998,118.959999,119.389999,119.009712,74271000,277.679993,277.679993,273.290009,275,275,15040300,53.66,53.75,53.029999,53.68,52.42767,14248400,247.449997,251.259995,244.610001,250.440002,250.440002,822800
18/11/20,118.610001,119.82,118,118.029999,117.654045,76322100,274.519989,277.390015,271.839996,271.970001,271.970001,12152900,53.75,54.02,52.560001,52.610001,51.382629,15278200,251.25,255.660004,246.619995,253.020004,253.020004,979100
19/11/20,117.589996,119.059998,116.809998,118.639999,118.262108,74113000,271.019989,273.470001,269.190002,272.940002,272.940002,12963700,52.490002,53.23,51.950001,53.130001,51.890499,17189500,252.929993,254.940002,247.550003,249.940002,249.940002,1372700
20/11/20,118.639999,118.769997,117.290001,117.339996,116.96624,73604300,272.559998,273,269.410004,269.700012,269.700012,18114700,53.189999,53.25,52.59,52.669998,51.441227,15645600,251.820007,262.899994,250.279999,260,260,1057000
23/11/20,117.18,117.620003,113.75,113.849998,113.487358,127959300,270.890015,270.950012,264.529999,268.429993,268.429993,20990800,52.950001,53.169998,52.200001,52.68,51.450996,13191900,260.01001,270.779999,260.01001,268.859985,268.859985,947300
24/11/20,113.910004,115.849998,112.589996,115.169998,114.803154,113874200,268.48999,277.820007,267.869995,276.920013,276.920013,16930400,53.139999,53.59,53.02,53.220001,51.978397,13827600,267.910004,274.190002,266.5,270.140015,270.140015,826900
25/11/20,115.550003,116.75,115.169998,116.029999,115.660416,76499200,278.140015,280.179993,272.649994,275.589996,275.589996,12467000,53.07,53.279999,52.790001,52.93,51.695168,10194800,269,274.720001,268.019989,270.089996,270.089996,720600
27/11/20,116.57,117.489998,116.220001,116.589996,116.218628,46691300,277.390015,279.130005,274.820007,277.809998,277.809998,7808400,53.110001,53.189999,52.610001,52.700001,51.470528,8499300,269.459991,277.779999,267.329987,277.619995,277.619995,774200
30/11/20,116.970001,120.970001,116.809998,119.050003,118.670799,169410200,276.029999,277.700012,271.01001,276.970001,276.970001,16693300,52.09,52.189999,51.080002,51.599998,50.791344,43203600,277,291.720001,272.10199,291.369995,291.369995,1800200
01/12/20,121.010002,123.470001,120.010002,122.720001,122.329109,127728200,279.160004,289.299988,278.959991,286.549988,286.549988,20738900,52.139999,52.330002,51.790001,52.040001,51.224453,18968800,291.040009,292.01001,282.23999,284.98999,284.98999,1227100
02/12/20,122.019997,123.370003,120.889999,123.080002,122.687958,89004200,285.359985,291.779999,280.829987,287.519989,287.519989,17361600,51.900002,52.130001,51.639999,52.110001,51.29335,14913100,283.230011,330.869995,281.190002,320.890015,320.890015,8178500
03/12/20,123.519997,123.779999,122.209999,122.940002,122.548409,78967600,286.25,286.649994,281.070007,281.850006,281.850006,12921700,51.900002,52.939999,51.900002,52.779999,51.95285,17318900,317.5,332,314.5,316.429993,316.429993,2420000
04/12/20,122.599998,122.860001,121.519997,122.25,121.860611,78260400,280.299988,283.459991,279.299988,279.700012,279.700012,10880300,52.779999,53.869999,52.759998,53.849998,53.006081,18122400,317.290009,323.808014,315.679993,319.769989,319.769989,1979300
07/12/20,122.309998,124.57,122.25,123.75,123.355827,86712000,279.190002,288.48999,278.200012,285.579987,285.579987,13007700,53.759998,53.779999,52.700001,52.990002,52.159561,16210900,319.799988,342.359985,319,342,342,2287600
08/12/20,124.370003,124.980003,123.089996,124.379997,123.983818,82225500,286.01001,286.429993,281.549988,283.399994,283.399994,10747700,52.939999,53.48,52.790001,53.18,52.346584,12485800,337,342.920013,330.285004,332.859985,332.859985,1620600
09/12/20,124.529999,125.949997,121,121.779999,121.392097,115089200,283.660004,287.630005,271.75,277.920013,277.920013,25189700,53.369999,53.599998,53,53.330002,52.494232,11508400,337.279999,338.216003,324.535004,332.450012,332.450012,1682200
10/12/20,120.5,123.870003,120.150002,123.239998,122.84745,81312200,275.540009,278.730011,271.859985,277.119995,277.119995,20065100,53.400002,53.509998,52.98,53.049999,52.21862,12097300,329.640015,344.980011,327.070007,343.299988,343.299988,1268900
11/12/20,122.43,122.760002,120.550003,122.410004,122.020096,86939800,274.529999,276.480011,270.25,273.549988,273.549988,14391400,52.799999,53.540001,52.779999,53.349998,52.51392,10638100,342.299988,346.440002,333.570007,341.220001,341.220001,1657600
14/12/20,122.599998,123.349998,121.540001,121.779999,121.392097,79184500,273.369995,277.220001,271.559998,274.190002,274.190002,16376900,53.650002,53.84,53.18,53.27,52.435173,22292000,340.5,341.667999,319.519989,320.339996,320.339996,2117300
15/12/20,124.339996,127.900002,124.129997,127.879997,127.472664,157243700,274.829987,276.079987,267.470001,275.549988,275.549988,23979500,53.790001,54.220001,53.599998,53.84,52.996239,16193700,324.070007,330.820007,320.501007,326.970001,326.970001,2198600
16/12/20,127.410004,128.369995,126.559998,127.809998,127.402893,98208600,274.76001,277.859985,272.51001,275.670013,275.670013,15885000,53.599998,53.799999,52.939999,53.060001,52.228462,15679600,316.519989,323.880005,312.209015,318.529999,318.529999,1574700
17/12/20,128.899994,129.580002,128.039993,128.699997,128.290054,94359800,277.070007,280.440002,273.609985,274.480011,274.480011,16377800,53.299999,53.709999,53.150002,53.27,52.435173,12677300,323.130005,329.890015,319.130005,328.059998,328.059998,960700
18/12/20,128.960007,129.100006,126.120003,126.660004,126.256561,192541500,275.769989,278,271.140015,276.399994,276.399994,26693200,53.080002,53.84,52.619999,53.740002,52.897808,35480100,333.429993,337.200012,330.494995,336.100006,336.100006,1090800
21/12/20,125.019997,128.309998,123.449997,128.229996,127.821548,121251600,272.980011,274.670013,267.790009,272.790009,272.790009,16553700,52.68,53,51.98,52.810001,51.98238,14926600,330.059998,333.5,322.809998,325.570007,325.570007,1076800
22/12/20,131.610001,134.410004,129.649994,131.880005,131.45993,168904800,271.5,271.5,264.630005,267.089996,267.089996,17312900,52.810001,53.18,52.389999,52.759998,51.933163,9689500,328.070007,328.070007,319.420013,321.959991,321.959991,958500
23/12/20,132.160004,132.429993,130.779999,130.960007,130.542862,88223700,266.890015,272.170013,266.230011,268.109985,268.109985,14329000,52.950001,53.389999,52.939999,53.080002,52.24815,7040300,322.149994,335.769989,321.589996,330.790009,330.790009,1131600
24/12/20,131.320007,133.460007,131.100006,131.970001,131.549637,54930100,268.880005,270.399994,266.200012,267.399994,267.399994,6702000,53.02,53.549999,53.02,53.439999,52.602509,3265500,329.809998,336.339996,327.619995,328.390015,328.390015,435800
28/12/20,133.990005,137.339996,133.509995,136.690002,136.254608,124486200,268.73999,277.299988,265.660004,277,277,23299700,53.849998,54.439999,53.73,54.16,53.311226,9020500,331.279999,331.549988,316,317.290009,317.290009,898200
29/12/20,138.050003,138.789993,134.339996,134.869995,134.440399,121047300,276.950012,280.51001,276.279999,276.779999,276.779999,16383000,54.450001,54.490002,54.02,54.130001,53.281696,8320600,320.950012,323.899994,310.549988,318.429993,318.429993,687900
30/12/20,135.580002,135.990005,133.399994,133.720001,133.294067,96452100,277.950012,278.079987,271.709991,271.869995,271.869995,11803800,54.049999,54.630001,54.029999,54.439999,53.586834,8142700,323.470001,323.470001,316.170013,319.350006,319.350006,631500
31/12/20,134.080002,134.740005,131.720001,132.690002,132.267349,99116600,272,277.089996,269.809998,273.160004,273.160004,12900400,54.450001,54.93,54.27,54.84,53.980572,8495000,323.5,323.5,312.470001,314.660004,314.660004,587100
04/01/21,133.520004,133.610001,126.760002,129.410004,128.997803,143301900,274.779999,275,265.200012,268.940002,268.940002,15106100,54.27,54.630001,52.029999,52.759998,51.933163,25611100,317.420013,318.690002,305.51001,311,311,945700
05/01/21,128.889999,131.740005,128.429993,131.009995,130.592697,97664900,268.290009,272.399994,268.209991,270.970001,270.970001,9871600,52.330002,52.619999,52.029999,52.18,51.362255,20323800,309.480011,316.149994,309.079987,313.720001,313.720001,610400
06/01/21,127.720001,131.050003,126.379997,126.599998,126.196747,155088000,262,267.75,260.01001,263.309998,263.309998,24354100,51.970001,52.02,50.189999,50.52,49.728271,38724500,308.160004,323.390015,307.035004,314.23999,314.23999,1024800
07/01/21,128.360001,131.630005,127.860001,130.919998,130.502991,109578200,265.899994,271.609985,264.779999,268.73999,268.73999,15789800,50.09,50.259998,49.52,49.959999,49.177044,53225700,317.440002,332.600006,316.25,331.359985,331.359985,977200
08/01/21,132.429993,132.630005,130.229996,132.050003,131.629379,105158200,268.309998,268.950012,263.179993,267.570007,267.570007,18528300,50.029999,51.130001,49.84,51.080002,50.279495,29674000,335,354.600006,333.290009,353.109985,353.109985,2199700
11/01/21,129.190002,130.169998,128.5,128.979996,128.569168,100384500,260.480011,263.470001,255.899994,256.839996,256.839996,30412300,50.619999,50.860001,49.950001,50.200001,49.413284,19304400,350.059998,354,341.589996,344.070007,344.070007,1105600
12/01/21,128.5,129.690002,126.860001,128.800003,128.38974,91951100,256.630005,259.720001,250.300003,251.089996,251.089996,26383500,50.040001,50.369999,49.759998,50.110001,49.324696,18538700,344,349.779999,341.459991,347.01001,347.01001,829600
13/01/21,128.759995,131.449997,128.490005,130.889999,130.473083,88636800,251.550003,253.949997,249.199997,251.639999,251.639999,19528900,49.98,50.360001,49.950001,50.16,49.373913,18864100,348,370.950012,344.5,347.059998,347.059998,2412100
14/01/21,130.800003,131,128.759995,128.910004,128.499405,90221800,253.399994,255.029999,244.610001,245.639999,245.639999,29739400,50.16,50.18,49.220001,49.23,48.458485,34303600,349.700012,349.700012,339.059998,342.269989,342.269989,853800
15/01/21,128.779999,130.220001,127,127.139999,126.735023,111598500,247.899994,253.860001,247.160004,251.360001,251.360001,24942900,49.16,49.18,48.529999,48.700001,47.936794,24366800,330.720001,334.690002,317.01001,319.820007,319.820007,2352000
19/01/21,127.779999,128.710007,126.940002,127.830002,127.422829,90757300,256.899994,262.200012,252.720001,261.100006,261.100006,28028500,48.740002,49.040001,48.240002,48.509998,47.749767,29114500,320.350006,326.942993,317.070007,319.75,319.75,1252600
20/01/21,128.660004,132.490005,128.550003,132.029999,131.609451,104319500,268.929993,270.320007,263.600006,267.480011,267.480011,25199900,48.540001,48.82,48.310001,48.68,47.917103,23115800,328.829987,338.200012,325.390015,331.410004,331.410004,1044800
21/01/21,133.800003,139.669998,133.589996,136.869995,136.434021,120150900,269.26001,273.600006,267.48999,272.869995,272.869995,20838700,48.779999,49.09,48.459999,48.950001,48.182873,19702500,337.910004,350.25,333.779999,348.299988,348.299988,1641800
22/01/21,136.279999,139.850006,135.020004,139.070007,138.627029,114459400,272.01001,278.470001,272,274.5,274.5,21954000,48.810001,48.939999,48.490002,48.490002,47.730083,15400300,346.269989,348.279999,338.170013,338.959991,338.959991,1083300
25/01/21,143.070007,145.089996,136.539993,142.919998,142.464767,157611700,278.140015,280.100006,271.51001,278.01001,278.01001,19087000,48.419998,48.84,48.240002,48.779999,48.015537,16604200,344,345.049988,326.660004,333.609985,333.609985,1393700
26/01/21,143.600006,144.300003,141.369995,143.160004,142.70401,98390600,278.140015,285.390015,277.809998,282.049988,282.049988,19373600,48.91,49.400002,48.610001,49.290001,48.517544,12922600,337.23999,340.5,332.329987,337.01001,337.01001,818300
27/01/21,143.429993,144.300003,140.410004,142.059998,141.607513,140843800,282.529999,283.450012,268.119995,272.140015,272.140015,35346200,48.889999,49.32,48.23,48.529999,47.769455,21242400,330.75,344.98999,323.589996,330.190002,330.190002,1549000
28/01/21,139.520004,141.990005,136.699997,137.089996,136.653336,142621100,277.179993,286.790009,264.700012,265,265,37758800,48.689999,49.5,48.610001,49.150002,48.379742,17498900,330.179993,331.329987,317.119995,325.440002,325.440002,1532100
29/01/21,135.830002,136.740005,130.210007,131.960007,131.539673,177523800,265.299988,266.559998,254.850006,258.329987,258.329987,30389500,49.029999,49.119999,48.110001,48.150002,47.395412,18670300,328.589996,331.390015,312.829987,315,315,1485500
01/02/21,133.75,135.380005,130.929993,134.139999,133.712723,106239800,259.519989,264.170013,254.910004,262.01001,262.01001,22914300,48.27,48.689999,48.18,48.48,47.720238,12183600,319.450012,332.700012,315.799988,332.649994,332.649994,1186200
02/02/21,135.729996,136.309998,134.610001,134.990005,134.560028,83305400,264,268.850006,263.269989,267.079987,267.079987,17320800,48.799999,49.349998,48.630001,48.959999,48.192715,13319800,339.679993,350.25,338.850006,345.049988,345.049988,1744500
03/02/21,135.759995,135.770004,133.610001,133.940002,133.513382,89880900,265.619995,269.200012,263.839996,266.649994,266.649994,14223400,48.950001,49.09,48.669998,48.77,48.005695,12274100,321.5,327.299988,310.700012,317.25,317.25,6296200
04/02/21,136.300003,137.399994,134.589996,137.389999,136.952377,84183100,267.01001,268.160004,264,266.48999,266.48999,16060000,48.959999,49.07,48.650002,49.009998,48.241932,20597400,319.309998,323.980011,312.899994,314.700012,314.700012,2451300
05/02/21,137.350006,137.419998,135.860001,136.759995,136.528091,75693800,266.799988,269.170013,265.670013,268.100006,268.100006,12454400,49.5,49.779999,49.27,49.650002,48.871902,12742000,316.230011,316.76001,306,310.769989,310.769989,2342800
08/02/21,136.029999,136.960007,134.919998,136.910004,136.677841,71297200,268.75,269.859985,265,266.579987,266.579987,13755200,49.959999,50.169998,49.490002,49.919998,49.137669,17833200,311.929993,325.079987,311.679993,323.790009,323.790009,1609000
09/02/21,136.619995,137.880005,135.850006,136.009995,135.779358,76774200,266.440002,273.390015,265.75,269.450012,269.450012,14613400,49.849998,50.02,49.630001,49.700001,48.92112,14592900,323.369995,334.619995,320.410004,334,334,1440500
10/02/21,136.479996,136.990005,134.399994,135.389999,135.160416,73046600,272.450012,273.799988,267.720001,271.869995,271.869995,14687200,50.41,50.580002,49.529999,49.599998,48.822685,22965400,334.339996,339.619995,325.630005,335.709991,335.709991,1492000
11/02/21,135.899994,136.389999,133.770004,135.130005,134.900864,64280000,271.890015,273.579987,268.48999,270.390015,270.390015,12828600,49.810001,50.59,49.799999,50.299999,49.511719,21928600,335.899994,337.881989,325.950012,331.899994,331.899994,1032400
12/02/21,134.350006,135.529999,133.690002,135.369995,135.140442,60145100,270.519989,271.179993,268.339996,270.5,270.5,9097600,50.57,50.849998,50.389999,50.689999,49.895603,13137100,333.940002,340.429993,329.394989,339.700012,339.700012,1119500
16/02/21,135.490005,136.009995,132.789993,133.190002,132.964157,80576300,270.799988,276.600006,270.049988,273.970001,273.970001,15417200,50.619999,50.720001,50.16,50.27,49.482189,15093400,343,364,343,353.730011,353.730011,1923600
17/02/21,131.25,132.220001,129.470001,130.839996,130.618134,97918500,271.23999,273.970001,269.579987,273.570007,273.570007,12763200,50,50.490002,49.889999,50.130001,49.344383,12794300,349.410004,355.709991,342.730011,355.190002,355.190002,1283000
18/02/21,129.199997,130,127.410004,129.710007,129.490051,96856700,269.570007,271.950012,266.029999,269.390015,269.390015,15249100,50.16,50.849998,50.029999,50.77,49.974354,12747100,353.570007,358.709015,341.589996,354.880005,354.880005,1386500
19/02/21,130.240005,130.710007,128.800003,129.869995,129.64978,87668800,269.859985,270.269989,260.149994,261.559998,261.559998,25622600,50.790001,50.830002,49.970001,50.110001,49.324696,15968800,355.619995,365.98999,354.178009,364.589996,364.589996,1313800
22/02/21,128.009995,129.720001,125.599998,126,125.786346,103916400,257.950012,263.070007,257.529999,260.329987,260.329987,17434900,49.849998,50.880001,49.669998,50.630001,49.836548,14370900,360.910004,387.440002,344,349.910004,349.910004,4523400
23/02/21,123.760002,126.709999,118.389999,125.860001,125.646584,158273000,259.5,267.459991,254.960007,265.859985,265.859985,21924600,51,51.509998,50.419998,50.540001,49.747955,16222300,332.570007,337.880005,310.339996,336.309998,336.309998,4162000
24/02/21,124.940002,125.559998,122.230003,125.349998,125.137444,111039900,262.329987,266.380005,258.390015,264.309998,264.309998,15736100,50.389999,50.900002,50.130001,50.709999,49.915291,14442000,335.220001,339.200012,324,334.690002,334.690002,1477600
25/02/21,124.68,126.459999,120.540001,120.989998,120.784836,148199500,262.299988,266.940002,254.039993,254.690002,254.690002,19053100,50.470001,50.75,49.98,50.169998,49.383751,14211100,330,335,302.600006,303.059998,303.059998,2428200
26/02/21,122.589996,124.849998,121.199997,121.260002,121.054382,164560400,256.470001,265.549988,256.470001,257.619995,257.619995,26619500,50.200001,50.209999,48.970001,48.990002,48.222248,23638400,300,311.829987,295.339996,307.380005,307.380005,2595700
01/03/21,123.75,127.93,122.790001,127.790001,127.573311,116307900,260.820007,266.649994,257.899994,264.910004,264.910004,22157300,49.439999,50.439999,49.400002,49.900002,49.117985,13901200,313,321.779999,307.399994,321.279999,321.279999,1539500
02/03/21,128.410004,128.720001,125.010002,125.120003,124.907837,102260900,265.779999,266.709991,258.649994,259,259,15191700,49.84,50.560001,49.700001,50.099998,49.314854,11755100,320.070007,326.149994,316.339996,322.73999,322.73999,1483000
03/03/21,124.809998,125.709999,121.839996,122.059998,121.85302,112966300,260.290009,260.98999,255.100006,255.410004,255.410004,15513500,49.720001,50.560001,49.709999,49.98,49.196732,15410700,322.730011,323.040009,299.890015,300.23999,300.23999,1636600
04/03/21,121.75,123.599998,118.620003,120.129997,119.926292,178155000,256.470001,266.48999,253.5,257.640015,257.640015,31626500,50.310001,51.09,49.619999,49.939999,49.15736,22036400,297.480011,301.279999,278.230011,285.01001,285.01001,2591400
05/03/21,120.980003,121.940002,117.57,121.419998,121.214104,153766600,260.670013,265.450012,255.610001,264.279999,264.279999,26820100,50.049999,50.950001,49.900002,50.790001,49.994038,21310800,290,291.369995,261.600006,274.980011,274.980011,2599400
08/03/21,120.93,121,116.209999,116.360001,116.162689,154376600,265.549988,265.579987,255.050003,255.309998,255.309998,18391800,51.470001,52.490002,51.16,51.639999,50.830715,25084900,275,276.589996,254.919998,258.329987,258.329987,2108000
09/03/21,119.029999,122.059998,118.790001,121.089996,120.884666,129525800,261.179993,268.529999,259.809998,265.73999,265.73999,22039700,51.720001,51.880001,50.82,50.860001,50.062943,23082700,274.600006,279.640015,268.600006,273.579987,273.579987,2424000
10/03/21,121.690002,122.169998,119.449997,119.980003,119.776558,111943300,268.640015,268.970001,262.869995,264.899994,264.899994,14210300,51.18,51.630001,50.720001,51.439999,50.63385,21331600,282.730011,284.019989,269.399994,270.190002,270.190002,1319500
11/03/21,122.540001,123.209999,121.260002,121.959999,121.753189,103026500,268.109985,277.899994,267.820007,273.880005,273.880005,21834000,51.41,51.43,50.810001,50.880001,50.08263,17417700,276.01001,289.399994,273.070007,286.959991,286.959991,1854800
12/03/21,120.400002,121.169998,119.160004,121.029999,120.824768,88105100,269.140015,269.73999,264.019989,268.399994,268.399994,20600200,50.59,50.68,50.200001,50.360001,49.983376,17598600,280.059998,281.869995,273,279.890015,279.890015,963500
15/03/21,121.410004,124,120.419998,123.989998,123.779747,92403800,269.079987,275.959991,268.5,273.75,273.75,16844800,50.5,51.119999,50.470001,51.029999,50.648361,13411900,282.98999,286.380005,275.670013,285.459991,285.459991,866800
16/03/21,125.699997,127.220001,124.720001,125.57,125.357071,115227900,276.079987,282.140015,274.799988,279.279999,279.279999,22437700,51.200001,51.52,51.040001,51.220001,50.836945,14214200,289,292.660004,280.269989,284.690002,284.690002,891800
17/03/21,124.050003,125.860001,122.339996,124.760002,124.548447,111932600,275.709991,286.230011,275.410004,284.01001,284.01001,21315000,51.25,51.619999,51.150002,51.240002,50.856796,17502700,277.399994,287.459991,272.220001,283.350006,283.350006,844700
18/03/21,122.879997,123.18,120.32,120.529999,120.325615,121229700,279.869995,285.190002,278.279999,278.619995,278.619995,18728300,51.060001,51.189999,50.490002,50.57,50.191803,18007300,278.450012,279.920013,266.144989,271.730011,271.730011,1466800
19/03/21,119.900002,121.43,119.68,119.989998,119.78653,185549500,281.220001,292.799988,281.200012,290.109985,290.109985,38930500,50.459999,51.080002,50.169998,50.810001,50.430012,67845700,269.98999,275.200012,267.459991,272.109985,272.109985,1327100
22/03/21,120.330002,123.870003,120.260002,123.389999,123.180771,111912300,290.450012,299.709991,286.75,293.540009,293.540009,28273100,50.32,51.080002,50.32,51,50.618587,17911400,276,278.570007,273.214996,275.470001,275.470001,606500
23/03/21,123.330002,124.239998,122.139999,122.540001,122.332214,95467100,293.149994,298,289.809998,290.630005,290.630005,23000900,50.990002,51.650002,50.830002,51.389999,51.005672,16936700,274,275.630005,266.549988,267.299988,267.299988,802700
24/03/21,122.82,122.900002,120.07,120.089996,119.88636,88530500,291,291.720001,281.160004,282.140015,282.140015,18675000,51.169998,51.889999,51.150002,51.52,51.134701,14997400,270.869995,271.660004,258.059998,258.679993,258.679993,1053100
25/03/21,119.540001,121.660004,119,120.589996,120.385513,98844700,280.980011,288.059998,277.75,278.73999,278.73999,24505600,51.700001,52.060001,51.169998,52.02,51.630962,17091900,255,258.970001,250.100006,254.630005,254.630005,1657700
26/03/21,120.349998,121.480003,118.919998,121.209999,121.004463,94071200,278.299988,284.5,277.769989,283.019989,283.019989,17629200,52.139999,53.110001,51.759998,53.040001,52.643333,17126700,258.51001,263.920013,251,261.309998,261.309998,1267700
29/03/21,121.650002,122.580002,120.730003,121.389999,121.184158,80819200,285.769989,293.179993,284.700012,290.820007,290.820007,21718800,52.73,53.939999,52.709999,53.849998,53.447273,17514100,261,261.605011,250.380005,252.589996,252.589996,1078700
30/03/21,120.110001,120.400002,118.860001,119.900002,119.696686,85671900,289.829987,292.470001,286.700012,288,288,17474500,53.75,53.790001,52.93,53.150002,52.75251,14871800,253.639999,261.440002,249,257.690002,257.690002,1496000
31/03/21,121.650002,123.519997,121.150002,122.150002,121.942871,118323800,289.98999,296.5,288.609985,294.529999,294.529999,19498200,53.029999,53.169998,52.5,52.709999,52.3158,15826500,266.279999,271.869995,263.899994,267.950012,267.950012,1194500
01/04/21,123.660004,124.18,122.489998,123,122.791428,75089100,298.399994,302.399994,296.600006,298.660004,298.660004,17616000,52.959999,53.150002,52.459999,52.509998,52.117294,15834700,271.190002,280,270.529999,273.100006,273.100006,1183800
05/04/21,123.870003,126.160004,123.07,125.900002,125.686516,88651200,300.890015,310.769989,300.679993,308.910004,308.910004,28237000,52.349998,53.220001,52.290001,52.810001,52.415054,16368700,279.559998,279.98999,272.089996,273.299988,273.299988,949300
06/04/21,126.5,127.129997,125.650002,126.209999,125.995987,80171300,308.839996,311.350006,305.25,306.26001,306.26001,17335200,53.040001,53.650002,52.900002,53.189999,52.79221,15614300,279.98999,288.649994,278.76001,282.339996,282.339996,1280500
07/04/21,125.830002,127.919998,125.139999,127.900002,127.683121,83466700,306.339996,314.25,305.5,313.089996,313.089996,22855200,53.279999,53.5,53.119999,53.279999,52.881535,10062700,281.459991,282.880005,276.51001,280.149994,280.149994,690200
08/04/21,128.949997,130.389999,128.520004,130.360001,130.138947,88844600,314.850006,315.880005,310.049988,313.019989,313.019989,20894100,53.169998,53.380001,52.970001,53.119999,52.722733,9695600,285.170013,285.98999,279.5,280.940002,280.940002,679900
09/04/21,129.800003,133.039993,129.470001,133,132.774475,106686700,311.399994,314.73999,310.329987,312.459991,312.459991,15988600,53.169998,53.279999,52.810001,53.18,52.782284,10828200,279.679993,279.730011,273.350006,279.200012,279.200012,1171000
12/04/21,132.520004,132.850006,130.630005,131.240005,131.017456,91420000,311.049988,312.149994,307.929993,311.540009,311.540009,10881900,53.330002,53.549999,53.099998,53.349998,52.951012,8565300,277.380005,278.820007,271.26001,276.910004,276.910004,622100
13/04/21,132.440002,134.660004,131.929993,134.429993,134.202042,91266500,312.209991,314.429993,309.320007,309.76001,309.76001,14036900,53.040001,53.290001,52.810001,53.09,52.692959,11071700,279.920013,294.220001,278.5,293.119995,293.119995,1154300
14/04/21,134.940002,135,131.660004,132.029999,131.806122,87222800,307.299988,308.029999,301.950012,302.820007,302.820007,17421400,52.98,53.189999,52.650002,53.080002,52.683033,9787600,294,294.399994,285.149994,287.600006,287.600006,815600
15/04/21,133.820007,135,133.639999,134.5,134.271927,89347100,306.339996,310.140015,304.100006,307.820007,307.820007,14558300,53.130001,53.66,53.119999,53.330002,52.931164,13078100,291.279999,300.940002,290.299988,299.73999,299.73999,1216600
16/04/21,134.300003,134.669998,133.279999,134.160004,133.93251,84922400,308.170013,308.950012,304.609985,306.179993,306.179993,13059200,53.740002,53.799999,53.380001,53.68,53.278545,17974100,299.73999,299.73999,290.399994,292.019989,292.019989,777800
19/04/21,133.509995,135.470001,133.339996,134.839996,134.611343,94264200,305.01001,307.700012,300.559998,302.23999,302.23999,14553500,54,54.360001,53.299999,54,53.596153,19352900,287,291.660004,278.089996,280.369995,280.369995,1398400
20/04/21,135.020004,135.529999,131.809998,133.110001,132.884293,94812300,301.98999,305.100006,297.209991,302.649994,302.649994,16796400,53.84,54.59,53.810001,54.169998,53.764881,14419200,281,281,268.059998,271.200012,271.200012,1262200
21/04/21,132.360001,133.75,131.300003,133.5,133.273621,68847100,301.950012,301.980011,297.390015,301.470001,301.470001,14863500,54.240002,54.740002,54.240002,54.610001,54.201591,13866500,267.26001,267.265015,260.609985,261.709991,261.709991,1828500
22/04/21,133.039993,134.149994,131.410004,131.940002,131.716278,84566500,301.329987,302.920013,296.040009,296.519989,296.519989,16375400,54.470001,54.869999,54.32,54.439999,54.03286,12558900,266.019989,271.630005,264.609985,265.160004,265.160004,1482300
23/04/21,132.160004,135.119995,132.160004,134.320007,134.092239,78657500,298.76001,302.589996,297.149994,301.130005,301.130005,17536800,54.400002,54.59,54.169998,54.470001,54.062637,9020500,268,286.290009,267.859985,284.109985,284.109985,2239000
26/04/21,134.830002,135.059998,133.559998,134.720001,134.491562,66905100,303.339996,305.799988,301.559998,303.040009,303.040009,16172600,54.470001,54.509998,53.580002,53.66,53.258694,11684600,278.119995,298.730011,277.329987,298.019989,298.019989,2239600
27/04/21,135.009995,135.410004,134.110001,134.389999,134.162109,66015800,304.279999,305.339996,301.109985,303.570007,303.570007,15309300,53.560001,53.700001,53.32,53.580002,53.179295,9852400,297.880005,299.484985,289.640015,292.920013,292.920013,1239400
28/04/21,134.309998,135.020004,133.080002,133.580002,133.353485,107760100,307.359985,310.920013,305.369995,307.100006,307.100006,33907200,53.98,54.049999,53.439999,53.59,53.18922,10868100,269.700012,270.160004,255.160004,256.839996,256.839996,7772300
29/04/21,136.470001,137.070007,132.449997,133.479996,133.253662,151101000,330.119995,331.809998,321.609985,329.51001,329.51001,56526800,53.540001,54.360001,53.43,54.259998,53.854206,15391000,262.839996,265.880005,260,262.149994,262.149994,3330800
30/04/21,131.779999,133.559998,131.070007,131.460007,131.237091,109839500,326.140015,329.820007,324.5,325.079987,325.079987,26332400,54.25,54.27,53.689999,53.98,53.576302,14912600,260,264.399994,251.960007,252.119995,252.119995,2187600
03/05/21,132.039993,134.070007,131.830002,132.539993,132.315247,75135100,326.170013,328.549988,321.839996,322.579987,322.579987,18719500,54.27,54.799999,54.16,54.48,54.072563,10417900,255.419998,258.600006,246.899994,247.690002,247.690002,2305600
04/05/21,131.190002,131.490005,126.699997,127.849998,127.633202,137564700,320.019989,322.190002,313.119995,318.359985,318.359985,24032600,54.57,54.619999,53.939999,54.139999,53.735104,14151000,244.399994,244.800003,236.345001,240.119995,240.119995,2562400
05/05/21,129.199997,130.449997,127.970001,128.100006,127.88279,84000900,318.190002,321.059998,314.48999,315.019989,315.019989,15577600,54.139999,54.240002,53.709999,54,53.596153,9665900,246,246.339996,236.671005,239.5,239.5,1549900
06/05/21,127.889999,129.75,127.129997,129.740005,129.520004,78128300,314.519989,320.23999,313.269989,320.019989,320.019989,19012200,54.119999,54.610001,54.049999,54.540001,54.132114,11572700,235.5,237.729996,230.300003,237.039993,237.039993,1770100
07/05/21,130.850006,131.259995,129.479996,130.210007,130.210007,78973300,322.380005,322.940002,318.75,319.079987,319.079987,15916700,54.439999,54.77,54.16,54.509998,54.102337,10637500,242.360001,246.5,237.350006,239.410004,239.410004,1312600
10/05/21,129.410004,129.539993,126.809998,126.849998,126.849998,88071200,314.350006,314.579987,304.829987,305.970001,305.970001,24239200,54.880001,55.5,54.830002,54.91,54.499348,15545800,235.419998,237.470001,227.630005,228.210007,228.210007,1857300
11/05/21,123.5,126.269997,122.769997,125.910004,125.910004,126142800,300.75,306.839996,299.690002,306.529999,306.529999,18920100,55.029999,55.139999,54.049999,54.32,53.913757,12986700,221.729996,230.940002,221,228.009995,228.009995,2509400
12/05/21,123.400002,124.639999,122.25,122.769997,122.769997,112172300,301.130005,304.959991,298.190002,302.549988,302.549988,24645500,54.360001,54.560001,53.880001,54.040001,53.635853,15836500,224.770004,232.009995,223.399994,225.600006,225.600006,1322100
13/05/21,124.580002,126.150002,124.260002,124.970001,124.970001,105861300,306.079987,308.859985,302.769989,305.26001,305.26001,18079200,53.970001,54.779999,53.830002,54.509998,54.102337,15475800,229,231.410004,214.154999,217.070007,217.070007,1635700
14/05/21,126.25,127.889999,125.849998,127.449997,127.449997,81918000,309.540009,316.850006,309.079987,315.940002,315.940002,19245700,54.900002,55.099998,54.689999,54.73,54.320694,11725300,219.050003,223.850006,216.800003,223.589996,223.589996,2461700
17/05/21,126.82,126.93,125.169998,126.269997,126.269997,74244600,313.549988,315.679993,311.579987,315.459991,315.459991,15401300,54.84,55.02,54.5,54.639999,54.231365,12119800,222.960007,223.699997,215.940002,223.330002,223.330002,1352400
18/05/21,126.559998,126.989998,124.779999,124.849998,124.849998,63342900,315.589996,316.5,309.809998,309.959991,309.959991,14522400,54.389999,54.560001,54.099998,54.34,53.933609,13232500,225.639999,230.380005,220.5,220.990005,220.990005,1292600
19/05/21,123.160004,124.919998,122.860001,124.690002,124.690002,92612000,304.190002,314.660004,303.570007,313.589996,313.589996,19106200,54.119999,54.18,53.610001,54.169998,53.764881,15126100,212.679993,220.880005,211.100006,220.309998,220.309998,1831800
20/05/21,125.230003,127.720001,125.099998,127.309998,127.309998,76857100,313.579987,319.25,313.160004,318.609985,318.609985,17320200,54.119999,54.799999,54.119999,54.650002,54.241295,10948400,225.460007,231.190002,223.514999,228.679993,228.679993,1233400
21/05/21,127.82,128,125.209999,125.43,125.43,79295400,319.290009,319.929993,315.809998,316.230011,316.230011,13600900,54.799999,55.119999,54.220001,54.619999,54.211514,16033200,229.949997,231.559998,225.397003,229.139999,229.139999,1037500
24/05/21,126.010002,127.940002,125.940002,127.099998,127.099998,63092900,318.209991,325.950012,318.029999,324.630005,324.630005,16445400,54.630001,54.93,54.490002,54.799999,54.390167,10326100,229.660004,235.615005,228.330002,234.059998,234.059998,980900
25/05/21,127.82,128.320007,126.32,126.900002,126.900002,72009500,327.079987,329.179993,324.799988,327.790009,327.790009,16437000,54.82,54.82,54.349998,54.790001,54.380245,11916500,237.009995,239.095001,233.25,236.759995,236.759995,1126600
26/05/21,126.959999,127.389999,126.419998,126.849998,126.849998,56575900,328.350006,329.829987,325.820007,327.660004,327.660004,9686900,54.98,55.049999,54.59,55.029999,54.61845,16064300,237.899994,239.470001,231.529999,238.389999,238.389999,1364500
27/05/21,126.440002,127.639999,125.080002,125.279999,125.279999,94625600,328,333.779999,326.76001,332.75,332.75,20477700,55.209999,55.57,54.779999,55.490002,55.075012,59109600,238.399994,242.865005,233.964996,240.259995,240.259995,1002500
28/05/21,125.57,125.800003,124.550003,124.610001,124.610001,71311100,331,332.869995,328.329987,328.730011,328.730011,12037400,55.349998,55.709999,55.200001,55.290001,54.876507,17011600,242.029999,246.300003,241.110001,241.570007,241.570007,920700
01/06/21,125.080002,125.349998,123.940002,124.279999,124.279999,67637100,330.149994,331.420013,326.640015,329.130005,329.130005,11765900,55.34,55.650002,55.099998,55.279999,54.866577,13304000,243.5,246.330002,239.210007,241.729996,241.729996,1037300
02/06/21,124.279999,125.239998,124.050003,125.059998,125.059998,59278900,330.380005,331.869995,327.119995,329.149994,329.149994,11654300,55.5,55.560001,55.259998,55.5,55.084934,11328500,243.550003,243.550003,238.389999,239.729996,239.729996,1088900
03/06/21,124.68,124.849998,123.129997,123.540001,123.540001,76229200,325.779999,327.380005,323.480011,326.040009,326.040009,12610800,55.18,55.740002,55.099998,55.639999,55.223888,17364300,236.119995,238.449997,231.524994,232.190002,232.190002,1244800
04/06/21,124.07,126.160004,123.849998,125.889999,125.889999,75169300,325.899994,332.459991,325.179993,330.350006,330.350006,13289400,55.900002,56.48,55.779999,56.240002,55.819401,18935100,234.539993,238.110001,232.589996,236.169998,236.169998,946600
07/06/21,126.169998,126.32,124.830002,125.900002,125.900002,71057600,329.480011,337.690002,328.929993,336.579987,336.579987,20136700,56.310001,56.34,55.810001,56.040001,55.620895,14010800,235.869995,244,235.869995,242.660004,242.660004,1273500
08/06/21,126.599998,128.460007,126.209999,126.739998,126.739998,74403800,336.700012,338.299988,332.23999,333.679993,333.679993,14580500,56.25,56.25,55.549999,55.650002,55.233814,10968300,245.220001,245.949997,240.229004,242.509995,242.509995,1167800
09/06/21,127.209999,127.75,126.519997,127.129997,127.129997,56877900,335.73999,336.799988,330,330.25,330.25,13727900,55.75,55.919998,55.48,55.48,55.065083,9838800,243.009995,245.733994,237.548996,237.699997,237.699997,1024100
10/06/21,127.019997,128.190002,125.940002,126.110001,126.110001,71186400,330.790009,333.940002,328.549988,332.459991,332.459991,13240200,55.91,56.119999,55.759998,55.91,55.491867,12444400,238.679993,247.460007,237.119995,247.190002,247.190002,1500200
11/06/21,126.529999,127.440002,126.099998,127.349998,127.349998,53522400,332.579987,332.829987,328.929993,331.26001,331.26001,13587900,55.990002,56.209999,55.66,56.16,55.739998,11825800,248,251.820007,240.800003,243.660004,243.660004,1577000
14/06/21,127.82,130.539993,127.07,130.479996,130.479996,96906500,331.899994,336.820007,329.809998,336.769989,336.769989,12250800,55.689999,55.709999,55.200001,55.549999,55.549999,9710800,245,253.410995,243.970001,251.509995,251.509995,1250500
15/06/21,129.940002,130.600006,129.389999,129.639999,129.639999,62746300,336.98999,339.920013,335.029999,336.75,336.75,15795200,55.779999,55.790001,55.189999,55.41,55.41,11154200,252.479996,252.699997,241.949997,242.759995,242.759995,1350100
16/06/21,130.369995,130.889999,128.460007,130.149994,130.149994,91815000,336.700012,337.549988,328.720001,331.079987,331.079987,17232200,55.439999,55.459999,54.639999,54.669998,54.669998,15211700,244.110001,248.210007,236.460007,242.779999,242.779999,1367500
17/06/21,129.800003,132.550003,129.649994,131.789993,131.789993,96721700,330.48999,337.980011,330.149994,336.51001,336.51001,17794100,54.669998,55.150002,54.650002,54.950001,54.950001,10658400,238.830002,249.100006,238.5,247.110001,247.110001,1237400
18/06/21,130.710007,131.509995,130.240005,130.460007,130.460007,108787300,334.529999,336.149994,329,329.660004,329.660004,23025100,54.509998,54.619999,53.720001,53.77,53.77,31442900,246.110001,249.360001,244.330002,247.639999,247.639999,1348300
21/06/21,130.300003,132.410004,129.210007,132.300003,132.300003,79663300,331.089996,332.920013,327.649994,332.290009,332.290009,11337500,54.220001,54.43,54,54.360001,54.360001,14404300,247.5,248,242.039993,245.600006,245.600006,826100
22/06/21,132.130005,134.080002,131.619995,133.979996,133.979996,74783600,332.690002,339.920013,332.600006,339.029999,339.029999,15345300,54.34,54.849998,54.259998,54.560001,54.560001,13072800,246.919998,254.350006,244.600006,253.639999,253.639999,1436700
23/06/21,133.770004,134.320007,133.229996,133.699997,133.699997,60113700,339.350006,343.420013,338.200012,340.589996,340.589996,14810900,54.560001,54.599998,54.110001,54.119999,54.119999,12330400,252.570007,257.690002,252.559998,256.700012,256.700012,950900